t_s,h_m,x_m,mass_kg,rho,V_ms,roc_m_min,fuel_flow_kg_min,fuel_burned_kg
0.0,0.0,0.0,78000.0,1.225,155.0,2180.553317048737,237.60003109535498,0.0
6.451612820512821e-06,0.00023446809560138986,0.0009721238078349732,77999.99997445161,1.224999972423937,155.00000174460808,2180.5533001835156,237.60007292032242,2.5548390112817287e-05
7.096774102564104e-05,0.002579148852134176,0.010693362571104066,77999.99971896777,1.2249996966633607,155.0000191906889,2180.5529628791683,237.59996015578508,0.00028103223303332925
0.0007161290230769231,0.02602593646936066,0.10790581869572241,77999.99716413225,1.224996939062552,155.0001936515076,2180.5495898450135,237.59946682490408,0.002835867751855403
0.007167741843589744,0.2604918178415243,1.0800372291260674,77999.97161606174,1.2249693635502685,155.0019382607268,2180.515860436709,237.5946521741571,0.02838393826095853
0.07168387004871796,2.604951161587687,10.802036243263416,77999.71616382156,1.224693658001296,155.01938445607934,2180.178659641349,237.54654766940803,0.2838361784379231
0.7168451521000001,26.029607632065485,108.09050878857857,77997.16448471244,1.2219415530881297,155.19385665593606,2176.8159458211817,237.06845489517036,2.8355152875592466
7.168457972612822,258.2924656430107,1087.8149208978436,77971.92885041834,1.1949088295526087,156.9395335141951,2143.4729738820297,232.37694214939438,28.07114958166494
17.16845797261282,611.2569559626991,2630.8910704765185,77933.7972621814,1.1547065573701052,159.6481632933774,2092.572640026312,225.34693895724558,66.20273781860305
27.16845797261282,955.8166789851148,4203.61916910766,77896.81320409926,1.116467828308399,162.35910026682896,2042.668376073793,218.6182924914101,103.18679590073589
37.16845797261282,1292.1464146539633,5805.844984572042,77860.92449801759,1.0800842753837239,165.07105267635802,1993.8014717344129,212.19469987685443,139.0755019824137
47.16845797261282,1620.4171695632524,7437.413684581712,77826.08163747365,1.0454541714715406,167.78272461420917,1945.9496910965013,206.06058794413912,173.91836252635403
57.16845797261282,1940.7963116861304,9098.168807361528,77792.23763536954,1.0124819864870054,170.49281832226674,1899.091590233428,200.20126900829382,207.76236463045643
67.16845797261283,2253.447699641062,10787.951349331002,77759.34788113757,0.9810779762126752,173.2000365191236,1853.206484489955,194.60288582186877,240.65211886243196
77.16845797261283,2558.531806516115,12506.598959632509,77727.37000676223,0.9511578003799827,175.90308474585868,1808.2744159456277,189.25236020671946,272.6299932377733
87.16845797261283,2856.205838289605,14253.945232554355,77696.26376106867,0.9226421678000579,178.60067372113895,1764.276121155766,184.1373451007621,303.7362389313348
97.16845797261283,3146.62384690137,16029.819089979686,77665.99089172864,0.8954565065132085,181.29152169609418,1721.1929992622356,179.24617978374044,334.0091082713625
107.16845797261283,3429.936838043683,17834.04424689425,77636.51503447408,0.8695306570859788,183.97435679931692,1679.0070805587868,174.56784805398456,363.4849655259168
117.16845797261283,3706.2928737542993,19666.438753739665,77607.80160904398,0.8447985873314003,186.64791936231052,1637.7009955885837,170.09193915242577,392.1983909560222
127.16845797261283,3975.837169906544,21526.814610029924,77579.81772142327,0.821198126862848,189.31096421574995,1597.257944845079,165.80861124107287,420.182278576729
137.16845797261283,4238.712188702659,23414.977444178156,77552.53207196362,0.7986707200157915,191.9622629470339,1557.6616691412369,161.70855725794354,447.467928036378
147.16845797261283,4495.0577262869565,25330.72625492603,77525.91486900396,0.7771611957856542,194.60060610978556,1518.8964207062156,157.78297298474172,474.0851309960417
157.16845797261283,4745.010995604731,27273.853210143137,77499.93774763537,0.7566175535346539,197.2248053762142,1480.9469350630939,154.0235271739948,500.0622523646307
167.16845797261283,4988.706704641321,29244.143499080667,77474.5736932793,0.7369907633168042,199.83369562356387,1443.7984037357796,150.42233359393322,525.4263067207066
177.16845797261283,5226.277130183324,31241.375234432195,77449.79696977073,0.7182345797587804,202.42613694625854,1407.4364478281068,146.97192486011772,550.2030302292696
187.16845797261283,5457.85218725069,33265.31940078281,77425.58305165925,0.7003053685157984,205.0010165857916,1371.8470925130441,143.66522793193326,574.4169483407459
197.16845797261283,5683.559494354338,35315.739846223056,77401.90856046008,0.6831619443965804,207.55725077090872,1337.0167424649094,140.4955411606079,598.0914395399159
207.16845797261283,5903.5244347389935,37392.393314072055,77378.75120460572,0.6667654203204472,210.09378646117398,1302.9321582627836,137.456512783765,621.2487953942764
217.16845797261283,6117.870213775267,39495.02951179994,77356.0897228655,0.6510790663330189,212.60960298761046,1269.580433788459,134.54212076972908,643.910277134506
227.16845797261283,6326.71791266848,41623.39121436697,77333.9038310158,0.6360681779654579,215.10371358473222,1236.9489746376178,131.746653920045,666.0961689841934
237.16845797261283,6530.186538654472,43777.214399309756,77312.17417155881,0.6216999532759792,217.57516680895606,1205.0254775584222,129.06469414669118,687.8258284411859
247.16845797261283,6728.39307185462,45956.22841100631,77290.88226630025,0.6079433779619261,220.0230478390714,1173.7979109271714,126.4910998459527,709.1177336997498
257.1684579726128,6921.45250896353,48160.15615164403,77270.01047161016,0.5947691179763603,222.44647965516324,1143.254496266345,124.02099029591227,729.9895283898368
267.1684579726128,7109.477903943402,50388.71429650011,77249.54193620161,0.5821494191252167,224.84462409310714,1113.383690806104,121.64973101041141,750.458063798389
277.1684579726128,7292.580405898897,52641.61353122466,77229.46056127336,0.5700580131598504,227.2166827724913,1084.1741710862163,119.37291998650835,770.5394387266424
287.1684579726128,7470.869294305474,54918.55880889337,77209.75096287277,0.5584700299155974,229.56189789655292,1055.6148175914461,117.18637478690653,790.2490371272288
297.1684579726128,7644.452011762713,57219.2496246716,77190.39843634439,0.5473619150799479,231.8795529234439,1027.6947004095553,115.08612040313892,809.6015636556112
307.1684579726128,7813.434194441993,59543.380306004954,77171.38892273839,0.5367113532043951,234.16897310885417,1000.4030658975432,113.06837784905838,828.6110772616084
317.1684579726128,7977.919700395228,61890.640316324425,77152.70897706137,0.5264971956021108,236.42952592071615,973.7293243382885,111.12955343713111,847.2910229386325
327.1684579726128,8138.0106358880885,64260.71457032705,77134.34573825935,0.5166993927995425,238.6606213273851,947.6630385664976,109.26622869387757,865.6542617406521
337.1684579726128,8293.807379917393,66653.2837589669,77116.28690083008,0.5072989312339908,240.8617119613299,922.193913539985,107.47515087356078,883.7130991699232
347.1684579726128,8445.408607068084,69068.02468236555,77098.52068796816,0.4982777739113481,243.03229316097583,897.3117868294435,105.75322403214159,901.4793120318354
357.1684579726128,8592.91130886054,71504.61058892685,77081.0358261527,0.4896188047586347,245.1719028939109,873.0066199973271,104.09750062564854,918.9641738473001
367.1684579726128,8736.410813733859,73962.71151901795,77063.82152109295,0.4813057764248802,247.28012156518952,849.2684908343904,102.50517360016602,936.1784789070516
377.1684579726128,8876.000805805337,76441.994651656,77046.86743495264,0.473323261301366,249.35657171495438,826.0875864202831,100.97356894244513,953.1325650473591
387.1684579726128,9011.77334254062,78942.12465271985,77030.1636647788,0.4656566055484206,251.40091761002867,803.454196972807,99.50013866216068,969.8363352212036
397.1684579726128,9143.81887146294,81462.76402328572,77013.70072206526,0.4582918859309271,253.4128647345164,781.3587104491228,98.08245417915714,986.2992779347405
407.1684579726128,9272.226246023662,84003.57344676716,76997.46951338575,0.45121586927853635,255.39215918478726,759.791607860983,96.7182000903631,1002.5304866142542
417.1684579726128,9397.082740749935,86564.21213362098,76981.46132203513,0.44441597439941016,257.338586974506,738.7434592650038,95.4051682932095,1018.5386779648688
427.1684579726128,9518.474065778662,89144.33816246306,76965.66779062134,0.43788023628819384,259.2519732556012,718.2049203883412,94.14125244293245,1034.3322093786555
437.1684579726128,9636.484380879381,91743.60881651948,76950.08090455415,0.4315972724799148,261.1321814612563,698.1667298498667,92.92444272433386,1049.9190954458463
447.1684579726128,9751.196309061952,94361.68091442055,76934.6929763799,0.42555625141170694,262.97911237713885,678.6197069365141,91.75282091810914,1065.307023620102
457.1684579726128,9862.690949858219,96998.21113442605,76919.49663091479,0.41974686266371314,264.7927031471744,659.554749894611,90.62455574370688,1080.5033690852142
467.1684579726128,9971.047892360155,99652.85633125066,76904.484791132,0.41415928895928095,266.57292622021794,640.9628346963575,89.53789846273139,1095.5152088680043
477.1684579726128,10076.345228090338,102325.27384473708,76889.65066476054,0.4087841798127154,268.319788243969,622.8350142419265,88.49117872662646,1110.349335239458
487.1684579726128,10178.65956377413,105015.12179970247,76874.98773155645,0.4036126267203868,270.0333289124429,605.1624179583689,87.48280065415202,1125.0122684435482
497.1684579726128,10278.066034076463,107722.05939635927,76860.48973120916,0.39863613979800916,271.713619773228,587.936251757435,86.5112391247385,1139.5102687908366
507.1684579726128,10374.638314359941,110445.74719078554,76846.1506518482,0.393846625773418,273.36076300064434,571.1477983152236,85.57503627554979,1153.8493481517944
517.1684579726128,10468.448633514869,113185.84736499112,76831.96471911731,0.3892363672502121,274.9748901407751,554.788417637892,84.67279818918541,1168.0352808826865
527.1684579726128,10559.567786905905,115942.0239861955,76817.92638578515,0.38479800316325363,276.5561608341656,538.8495478788445,83.80319176157172,1182.0736142148526
537.1684579726128,10648.065149474485,118713.94325499905,76804.03032186345,0.38052451035224444,278.10476152178205,523.2709282009364,82.96108116192045,1195.9696781365492
539.4620088361614,10668.0,119351.88165477014,76800.86270528517,0.3795668980465826,278.45535687374695,521.5018557209075,82.8658294514651,1199.1372947148338
