run_id,config,alpha_deg,CL,CD
1,A,0,0.11,0.0082
2,A,0,0.12,0.0083
3,A,2,0.34,0.0091
4,A,2,0.35,0.009
5,A,4,0.57,0.0115
6,A,4,0.56,0.0116
7,A,6,0.79,0.0158
8,A,6,0.8,0.0157
9,A,8,1.0,0.0223
10,A,8,,
11,B,0,0.14,0.009
12,B,0,0.13,0.0091
13,B,2,0.4,0.0103
14,B,2,0.41,0.0104
15,B,4,0.66,0.0133
16,B,4,0.65,0.0132
17,B,6,0.91,0.0185
18,B,6,0.92,0.0186
19,B,8,1.15,0.0263
20,B,8,1.16,0.0265
21,C,0,0.09,0.0078
22,C,0,0.1,0.0079
23,C,2,0.28,0.0085
24,C,2,0.29,0.0086
25,C,4,0.47,0.0104
26,C,4,,
27,C,6,0.65,0.0138
28,C,6,0.66,0.0139
29,C,8,0.82,0.0195
30,C,8,0.83,0.0196
