alpha,AR,S,CL,CD,LD
9.033562637086643,9.418704052008266,23.88316357601034,1.007984369301739,0.06402714006127028,15.743079705530437
-1.1618420817435617,12.063527421737078,27.136177392309044,0.13397718616783685,0.006032777048597507,22.20821109226699
12.514331617880575,8.373797856490768,30.26838674285452,1.261073945520518,0.10839596892628994,11.63395611489997
11.632976843726265,13.620973399192247,18.391877417967663,1.3059100728184923,0.0762411229453989,17.128683607581923
0.7013680927951604,14.005907946224305,46.44826834347015,0.3115647775309909,0.008929692519752381,34.89087410813004
0.1263656766929131,12.848180507099471,44.625887986787845,0.2551639059950232,0.007895790264839901,32.31644932759584
-1.7696578703195547,13.945611186695931,20.27822309699004,0.07302568024632562,0.005569114200051561,13.112620359921785
9.778728441912207,6.367643399186837,30.879135869179077,0.9679561973461932,0.08378389593422379,11.553010116718688
7.053296990175573,13.926845376404934,15.295549216231846,0.8973162396001855,0.037678196012561775,23.815265446918517
3.617371774052766,11.028190350264415,32.42031095545505,0.5671446424074515,0.0209427076003217,27.080769747209747
4.355314270645531,8.334416342252194,28.96198704155055,0.5997597920995368,0.028270602631514426,21.21496311617211
7.677772417637909,9.717681472957473,45.194561674773496,0.9030821453829072,0.050740870343043636,17.797923829004958
4.632204709679872,9.05080983579247,16.840193909277396,0.6319128062978385,0.028915001838904837,21.85415065226129
1.1798111603190486,14.818761602704257,41.969520877126584,0.359243444703125,0.009919221568921121,36.216898897460425
9.157984093879865,12.089587778620599,49.43623635650389,1.0738186017134115,0.05783214103824807,18.56785141333825
0.2117141385501915,7.453750720698994,19.283028387874804,0.25354204893956456,0.009743802200310282,26.020853433528316
10.059050269761503,6.962008250546356,25.8266773763779,1.014362277138469,0.08454053842434013,11.998531072123184
3.7395582638149394,13.107102520749928,21.339100733397597,0.592001761798844,0.01978893549122794,29.91579623175118
-1.94230992271758,15.073975698965935,49.12979315952053,0.054727997314386156,0.005336686433018074,10.255052081715743
4.485875528242827,11.39534010006241,31.669971491420803,0.6470030137099059,0.0251427495236689,25.733184554888467
-0.740104177707428,9.817630126461896,43.98405578757719,0.17413367359133072,0.006784652149026924,25.66582188245355
11.67410006855504,13.145509389333313,45.0354157365899,1.3095999039530508,0.07815996558487406,16.755379741447733
11.746447570355276,13.823201663397914,47.546404585967075,1.3264038029278895,0.07667749018460977,17.298477033278235
12.41379695664606,8.95951384423935,21.71900499156546,1.270516413444415,0.10377405380206395,12.243102845994303
1.1087958156039104,12.758868683804488,36.109864680136276,0.34780440936941937,0.010299752884196618,33.76822854682966
6.003116966478679,10.956880208074445,24.256109739948528,0.7741429537570714,0.03505938167148131,22.080907216535138
13.366578070859525,11.907203393029786,39.42249675362847,1.4268526194906062,0.10046638448398511,14.202288922998461
3.4156167883135966,10.672865987177799,36.44718649267743,0.5466303444757413,0.02027086461951065,26.966306308888825
-2.741362724388032,7.296998404640812,40.582391409097085,0.013772112096978909,0.005193230358469239,2.6519355288214848
6.952287366184915,14.794624274032213,35.47487810957127,0.9006129096226791,0.03587190633617681,25.106357637715263
3.7908612738372094,13.276789320830742,43.06461510118303,0.5988780921105326,0.01993416416346151,30.042799246544337
7.01713872643421,12.623282930361736,15.043133697469463,0.8807361995904387,0.03940357611796143,22.35168191216458
6.838291243366797,6.463745002689463,41.46956597808594,0.7521032267257863,0.0517609474415473,14.53032187200829
5.122286140127029,9.13638064364308,36.61836750105542,0.6756588703876598,0.03207462510714083,21.065214889674163
-2.455952197687571,12.167694120755076,22.84247906120399,0.012111189508514739,0.005377790965203175,2.2520751711771254
0.93698658865046,11.951687949928541,41.2182384844514,0.32952376006602013,0.010065171698948612,32.73901031419479
8.59421654227079,10.403246586781872,24.74682609951941,0.9912766561918787,0.05699282516871702,17.393007861206776
3.5478581981122863,14.656468112528312,28.232424383623446,0.5830696041874115,0.017924541860437147,32.52912173305563
6.549393633023646,6.571446190530255,16.894839388185893,0.7304565073858427,0.04850799505194442,15.058476579038958
-2.063167777357056,10.618930232007497,20.876813968584713,0.05364017550778742,0.005463663236015484,9.817621107062575
10.964954121865237,12.478338446614838,39.72348149586701,1.2367465125210348,0.0734224332643202,16.844259411408455
11.035051555869764,12.265279527537936,32.909034404421476,1.2377480476215046,0.07476569370485499,16.555026594251075
12.120208327260034,11.261849193704464,20.58793632043237,1.3064240987344427,0.08959743114295861,14.581044144557637
-1.2752586743306624,12.727646901048772,24.108735986189373,0.12246102882899558,0.0059032165979106994,20.744796806598234
1.3986317677382187,10.134714692891952,25.67706459902333,0.3653324254506158,0.012226421362695375,29.880568860917815
9.393035886364983,7.197242333335919,40.14322319473555,0.9748102058236953,0.07597113158675013,12.831324023528282
6.710557580338728,13.702072451500834,49.81663172722279,0.8706533298958216,0.035836575413124724,24.295104090134544
-2.2284093640634173,10.657767477896936,33.16131695031004,0.038755898986690504,0.005324234349831559,7.279149721859371
-2.2912403441482923,13.885369617989832,37.1641452573473,0.023150730661149165,0.005310744467670489,4.359225114686044
10.263125972969657,6.111352578843603,24.36518396166653,0.9898115591245548,0.09081171799325514,10.899601736397841
2.2538811504849408,12.129741968468137,30.75979861806728,0.45152329504113287,0.014258824623952357,31.666235257754128
12.006187160546308,12.23208624812746,15.86860054523766,1.3136662031532895,0.08459837092646327,15.528268319672344
12.237744662968254,6.039007008562253,32.639037328259164,1.1312752020418517,0.1183796433275265,9.556332239588691
7.260971666430638,8.168236686831008,42.732726252216985,0.8343623715182853,0.051013468906966404,16.355727014759914
10.369096572246097,10.224801163647747,48.49079491682762,1.143956890690262,0.07515908613215422,15.220473658751148
8.47012353094508,10.865169646020256,39.33257200966631,0.9917939603311385,0.054791672811545955,18.101180515922177
3.92045746615665,12.936944091124836,36.72932906439669,0.6083623140307047,0.020796467304943618,29.253156563090325
4.0465524505472885,7.203551778676738,18.322799857954916,0.5557937477131623,0.02799116333216938,19.856043177541167
2.2210442568901527,8.140932918929634,46.539472852630425,0.42221935136460653,0.01681248682483227,25.113438348750577
12.89758053626758,9.863517777731282,26.57954121200928,1.3374602865737721,0.1050046359039875,12.737154650930824
-2.5157476309553717,10.035439561648875,30.138553432916005,0.015412044471044663,0.005288795315718984,2.9140935791631173
-2.387365475944689,11.805629577595838,42.398783496393804,0.020158579108392572,0.0052597831560584,3.8325874870284764
1.3292439015105355,8.680020573615973,35.897967761902294,0.35155728944481696,0.012750814510452988,27.571359394853864
9.248213920057125,9.189655877569997,37.77596943553853,1.0235017155827228,0.06708690898458373,15.256355242390418
-2.1383095855636585,13.58330862712659,22.683211958035685,0.03825257933608685,0.005426376098406117,7.0493785617481866
8.359163822737509,6.2923447990000385,15.451287407924905,0.8544729098740235,0.06722599359710386,12.710454158476502
4.419340479583228,10.462605583179048,16.457594841310925,0.6307519402991425,0.025769482804879434,24.476701572749842
9.998344253861426,12.347296113025969,27.343359507306324,1.1476809595930142,0.06463083617942396,17.75748276576364
8.131752528429065,12.44281976234614,48.63045186620985,0.9867009470800469,0.04837707888480438,20.396042295765348
9.552136534906563,14.295874873211655,20.14178436904924,1.1321492797420956,0.05599264144299648,20.219608337189886
5.576145308370505,10.189968376940636,45.976331861375655,0.7297682185431222,0.033492167559519746,21.78922033774713
4.900228147234184,7.568145891431767,40.983247940197096,0.6309436148679464,0.03323480022001332,18.984426284831553
11.78451149424128,8.232504683620459,49.00189356172854,1.2027049715037723,0.10017817261477655,12.005658918621263
-1.458038506700865,8.329803419874974,45.783627047009205,0.114234939314001,0.005957846948650425,19.17386268874825
6.054853140841024,14.567792269595227,32.31379503545599,0.8148303480188086,0.030577474589668547,26.648059035396003
3.0240186067039874,8.1065213028129,47.96213881315188,0.48814286214033337,0.02081711091826501,23.449116645289863
6.272914193044869,15.799405440534102,42.63726653371066,0.8453223629288068,0.030537580364633776,27.681379887837895
1.7102342831070363,15.740106097055829,34.92285858010392,0.4125998852138158,0.011089081281370396,37.20776092668575
0.8281538245640565,7.313132805976666,41.2654304553928,0.3019226054093668,0.011742365700615352,25.712246842520386
1.0638135705596765,6.519580947690877,16.706345194935828,0.3161209022015694,0.01326902816479945,23.823967985853415
-1.6855529251824106,7.611602299147334,48.732126092962226,0.09777191652319116,0.005780523483391509,16.914024621491045
5.092766187075423,8.591738681234954,34.689056057650276,0.6645430180023099,0.0327678659034454,20.28032646253096
11.49052014857262,15.156322177535865,25.016548274486702,1.3161399071902773,0.07050823546671166,18.666470639612776
8.364741771650753,8.927815609242158,38.88344932372724,0.9433935811421584,0.05914375787788001,15.950856269398317
2.590783196288477,14.996150331211156,34.13086606476075,0.49462897483685964,0.01410551835641279,35.06634512385619
-0.915468628966658,15.510642849106683,23.58740978003626,0.15519972849497285,0.006126333359174886,25.333216362205214
0.060920534182876906,8.083182458765926,32.04791609007263,0.24220280807859698,0.009001665429990336,26.90644414217659
12.628932102390667,9.098550831266241,24.07882518554707,1.2927246519862956,0.10574049449256721,12.225445494556153
5.825795307733735,13.691687080805593,41.650022857296676,0.7881688210872914,0.030268845842055445,26.038945297088663
5.875024254457809,6.7650248626690805,30.47307835051305,0.6872543051722054,0.04237028557617676,16.22019525774976
1.8485748230769419,7.963277603236543,35.55276316872467,0.3899995760494485,0.015319887826273876,25.457077784903387
11.896882288012094,8.502505271032732,38.788436800149015,1.2191952486103477,0.10003434441817513,12.18776666855262
3.269385502904135,9.003244895202412,28.535716753931567,0.5183190376975182,0.021143035808416605,24.514882460312823
9.091878447183586,11.474017415307623,20.05837695113385,1.0519952966858317,0.058661042272972336,17.933457298465548
5.6732602187253125,12.162181593052896,44.10412539580611,0.7608608225757021,0.031255958845399084,24.342904543070887
5.629146627788575,15.038080928529247,36.996006740680755,0.7793623963589434,0.02767688703574111,28.1593228079624
-1.2031053697660217,15.678681224292095,49.61891261295823,0.1265860449372601,0.005745039743032846,22.033972017473715
11.291613895342763,7.350737424199209,33.0346962403306,1.127041108926586,0.09822493692909813,11.474083304732686
4.026045803568268,13.054416272996162,19.857254214186938,0.6176050266702718,0.021168246299171266,29.17601287993569
8.760350266135246,14.92068453067577,31.019996609696808,1.069359927699796,0.04845434313297276,22.069433998210695
10.502187411525721,14.535038069109488,49.30975939772055,1.2267250508956318,0.06343340678438605,19.338785556092606
8.691145374301994,6.55572129316651,35.35419927451983,0.8950733074844607,0.07043406342114215,12.707960665744965
1.7690863706735822,12.51158042198133,22.139487620072842,0.4086355469390841,0.012377731833754183,33.01376636911226
6.888036663436056,13.378902745691079,47.39971517834538,0.8836392291553953,0.03748840830066685,23.57099885565632
-1.1040935897386177,10.893253180229143,31.485606884971176,0.14065179270009504,0.006166014099879231,22.81081269386813
7.348356855900446,14.962263238756615,33.24498903027011,0.9387116899845397,0.03825689900727807,24.537056435388482
5.534294255106204,7.775809479057619,43.69014245780392,0.6857798978409014,0.03752163533700187,18.276919214249205
-0.5161563893620373,15.395419735665406,37.871463971310604,0.19454448986571257,0.0065322580621125104,29.78211944719121
2.9719469494348942,10.28021059985112,21.79202718779322,0.504141066532318,0.018468743706871592,27.29698752301946
6.152293109661013,6.9684657645727555,19.053771942052094,0.7124626304067514,0.04409443968854903,16.157652425999014
10.784595446278502,11.530165026747852,42.228114001663855,1.205082931189585,0.07477985189919371,16.1150751249693
7.569722521754434,6.881168312950918,17.033216440029385,0.8172644367318868,0.05719349227124336,14.28946553667267
0.8920408908211259,11.315912274149563,20.744208937832564,0.3242998496879711,0.010170816103309952,31.885332149740883
7.412045317009275,15.816928226147484,38.14671409848903,0.9525210146799663,0.03752966542124993,25.380482452706143
4.814737459285354,11.84473789049865,45.40116236490779,0.6810792879576723,0.0265198437485254,25.681874087042566
8.61354071503149,14.444292286223048,43.19440892819504,1.053320334799758,0.04822551909543532,21.84155514667042
4.946098007158307,11.707915595097646,41.80177092356048,0.6913270133066991,0.027426564423395274,25.206475103275665
10.198148478933678,14.25618533399319,15.681611974327083,1.1883231370005127,0.061600134181397724,19.29091799542488
5.231132997647467,11.268795751220807,44.34891119566014,0.7123604689344901,0.029688946565553147,23.994130858149493
-0.3629991893666449,15.009010476377421,34.418817475720495,0.2096221846391157,0.006788294909621972,30.879946647867303
7.703831600789693,13.440656616869687,37.460740217518804,0.9578894059741704,0.04315013375417298,22.19899042332712
6.23741843159115,11.100445615169189,27.866261305799576,0.7969807550133293,0.036472637673313095,21.85147019395522
10.58292832039977,11.229384047426098,32.750771070761076,1.180136059907571,0.0737132211080836,16.009828931192292
12.761775566960527,6.22926927738883,46.31470323333692,1.183133999485527,0.1252207419174199,9.448386755812194
10.418834218093673,6.832923243803713,22.063662904451796,1.0352620250043474,0.08944438161273759,11.574366174128906
0.33047602932822073,7.6901546991551974,24.863169390456836,0.2637472008610727,0.009959819345868542,26.481122970415957
11.933461152375926,13.65660242028525,36.82618177885652,1.337795674913228,0.07896546841335178,16.941527756289844
8.073122357874109,14.76298038630013,29.350345956585617,1.0037888910975727,0.04361727127852994,23.013564619565628
9.327247998541534,7.857203052071199,18.86902873237289,0.9878071314819084,0.0723422635423913,13.654634001092193
12.493614828087718,7.733363175650859,15.155670114120904,1.2292892211490332,0.11142722475362435,11.032216084238861
10.900992499066474,15.596985309100528,22.712012770128727,1.2686480486072798,0.06435012000554956,19.714773624320692
0.7982600298077323,9.291972398065296,22.566647447897225,0.30930480774240116,0.010668249674892478,28.99302295767825
6.453393923558467,11.093393192426237,36.2437588735014,0.8171541019182214,0.038074383718002015,21.462044086398734
11.200623857640348,9.398794576316844,19.199366519351653,1.1854597869864238,0.08721021799280301,13.593129500997847
3.496900524979136,6.413135827411742,48.85649378873307,0.4997053915655931,0.025754673786764208,19.402512945918218
9.485686830762358,9.338353038569231,31.20998960698212,1.0457812864638192,0.06895568484801584,15.16599086455032
5.0119421687814985,14.202406818994257,36.49325402010449,0.716746716337011,0.02516687180683841,28.47976982750215
0.398112752961282,13.838733992711488,20.711982348386176,0.28300282101213003,0.008332086494126922,33.96542045160136
9.967893073356857,8.29583587735648,33.49113805114415,1.0570040129201814,0.07802969610102761,13.546176209012062
-0.9847112876997302,6.3456662718474535,19.567368038361106,0.15761907221872937,0.007240683380191896,21.768535363654042
13.810687220453534,14.30884596360216,24.544145159398628,1.4949562701879613,0.09454923978998525,15.811404443955228
12.60375447492093,12.543003176757288,18.735642775095155,1.369543830771175,0.0895086569800543,15.300685732290207
10.543307383641377,13.531516656166957,17.378097286841786,1.2100479463700773,0.06643609394480574,18.213712976192877
13.45745896690519,8.403861809621105,37.55054920007159,1.3369385845996278,0.12075988361570286,11.07104896568301
9.66961232921465,10.763609299805859,30.028587789963964,1.0922292046034279,0.0661643659276704,16.507816394665245
4.281198369226749,9.518047978584717,23.775190556026836,0.6091918211500282,0.026165693537562953,23.282081947321004
11.441815499473535,11.680919561668045,26.533068136955745,1.260247707575187,0.08084513246681914,15.588417869095881
11.543238532786514,8.856621912249508,42.81589799148912,1.2033695909826843,0.09400513494231104,12.801104872847283
4.658013443324656,15.41169222815849,34.723597318868855,0.6910779572143864,0.022376681570607387,30.88384464129584
12.071093660604795,14.11638824205177,18.569529321080243,1.349818334143473,0.07879650812368694,17.13043339464564
1.0115498762310429,7.529359415793408,16.26768896218151,0.3190535578138502,0.01234160121409171,25.85187710080545
6.663315467253124,10.923176513207974,47.73341129173718,0.8348216910077685,0.039982015782737516,20.879930005135158
1.543340747177802,8.878845696086058,18.685288728731685,0.3714078385115126,0.013451251459682251,27.611396577094848
-1.8645269865657217,6.326079049110101,37.21469760435228,0.09009339093496811,0.0058031613234486926,15.524881338543862
13.620977545320965,6.198798005524088,17.984519994848366,1.2353129654896173,0.137438603452926,8.988107667382721
-0.06844796050541024,10.392480237726526,46.19987990780242,0.23432326906283937,0.007967541680860427,29.409732443035608
13.006053685974084,9.643266593962988,44.79107267707653,1.3446387904268515,0.10776969290119746,12.47696596537217
7.4808540166087365,14.356126194939199,23.191466240768307,0.9433546586537941,0.04001945652968958,23.572400538571518
3.347051336984019,9.318952726827337,31.26029854389021,0.5282309250347899,0.021221912292330558,24.8908259424712
1.258360559932985,12.016242025179775,27.747384336343742,0.35977420172389707,0.01098134978948805,32.76229321720474
13.646815826796576,7.3692980934234935,33.60790949206197,1.306315296437378,0.13019889326142273,10.033228883247602
10.848783493115565,9.77333765297454,27.44664741929651,1.1690167896862658,0.08181588755395094,14.288383645723991
-1.0043235488243765,12.871933559632017,40.076850409694195,0.14802917422431777,0.006099537082509883,24.268919464197374
8.94316331383198,9.688862331983282,15.796483981394314,1.0036236341286175,0.062194271276329184,16.136914438140405
12.96116639781188,13.24191024777583,39.26495366825132,1.418008784270428,0.09056358547150455,15.657604288608898
13.710369594528757,7.404781732547514,38.98990281646098,1.3141070799677492,0.13101068721387124,10.030533446653147
6.610783226056361,15.479971986401829,18.25270486848243,0.8700974686589037,0.032834960494694976,26.49911726860406
-0.0018951616646947222,9.4347190273033,41.483862478198574,0.23906763602048733,0.008372706220611837,28.553209645879278
9.273673706518725,11.189634616335976,47.11977241093063,1.06894518368258,0.06126527156848506,17.447815970058425
6.757675618070959,11.753738610161212,49.92522965929828,0.8542520739657891,0.03920576491867929,21.788940369807378
13.51935634130146,12.993031411379924,37.33873969798715,1.4582892488332235,0.09723812750543284,14.997093077010833
-2.149825078255498,13.794469771070782,36.13576449943581,0.03698104477041854,0.005334408105779106,6.932548848363253
8.840652019838982,11.881467685732385,16.0687751980638,1.0348288356925077,0.05539733019668134,18.680121081981323
8.960580700140422,13.028613470381039,29.764371345120324,1.065839109172747,0.05383256975058317,19.79914973613536
2.816445637049485,7.563998357211794,34.278544813173944,0.46459973217922684,0.020330659075506043,22.85217269414384
6.353973258360645,15.551022435526987,46.832421486388455,0.8518018972730396,0.03129095807325196,27.22198199489373
5.769144400866146,15.703096545928126,21.644790939619668,0.7941649788131933,0.02774488646884716,28.62383234852689
4.746028862903378,10.356931355656183,30.576143620053152,0.659130559645517,0.027882122770250053,23.639898765125686
4.184813289619113,6.250223667471644,29.340186544301698,0.547454457412048,0.030559466532947548,17.91439836889209
1.6853799527566578,8.438547053841248,31.725614651610847,0.3801777334864433,0.014290301540556508,26.603898623656196
3.6410510569919445,14.377659891488289,16.31099464777872,0.5894206167099166,0.018455924187817503,31.936662218139414
8.536513491096715,12.654446387168914,21.47038846588614,1.0205208851144438,0.051097952226200574,19.971854852358835
7.9538823446324365,7.0049328161039615,28.474440993661258,0.8538409095198286,0.06090757047842192,14.018633526391005
-0.6945731346322814,6.913762535315434,40.80080133180273,0.17914206939840224,0.00756366836961868,23.68454837575509
2.4737012170462362,14.05338158310995,40.44297727153564,0.48018746716920724,0.014118018273896655,34.012384589205716
2.7085038194202378,15.465839228940048,26.791796279841197,0.5072223195371515,0.014302012043801656,35.46510225160776
4.253107560304587,7.656415497585973,30.68017766098493,0.5807101487332954,0.02865544059765215,20.26526679128693
10.159561132622418,9.257399263113307,38.25131276233513,1.1011606199877202,0.076443163695812,14.404958753009435
-1.8180261863841558,11.333939801748581,26.01095826720656,0.0741334549721713,0.005531656500006926,13.401673616588175
11.076758243196899,14.701226292548354,17.825432730080546,1.2721026812681684,0.06812400224134352,18.673340370718073
3.807991913704285,14.096196530960546,42.91455175798406,0.6051408358066602,0.01942426071889918,31.153867041018334
7.913594678028357,9.914896539919624,33.94035471889373,0.9253191626927355,0.05221797049152088,17.720320303198843
1.955974790153725,11.041667215402157,34.55957583284681,0.41923586240788546,0.013737160436052772,30.51837855133535
-1.4874321864918532,6.798635101323809,29.14264330178826,0.1170558341235056,0.006216165105589274,18.830875971787602
9.830618015490987,11.533815327683502,17.27908643011074,1.1165316207813782,0.06534391533116155,17.087002135131026
13.154910843661291,13.314817942995408,31.939759691518333,1.4326373916160264,0.09217011251744786,15.543405041898232
5.424517899966807,15.639247230312751,18.145686748493198,0.7611259490284944,0.025954333609598933,29.325582404743386
-0.18236214047840393,10.998376717589538,41.1205837327033,0.22472708744304307,0.007614272039062339,29.51392940653551
2.0794816622799503,11.576224726789611,30.309732587012313,0.4330260772488632,0.013906514102219136,31.13836250162526
5.368072607116659,10.575352284384117,26.689898314254226,0.7149739930900166,0.031447513622142625,22.7354696997919
-0.8229378225893966,11.458848828318622,46.66077859310622,0.16582813362702356,0.006434737440606716,25.770769228369325
13.228512481722511,8.999849995835344,49.23995991008643,1.3430125508348252,0.11429990513637947,11.749900835283983
13.959362756038136,11.999013090362379,41.903175184952104,1.4759628438640344,0.10651894221397899,13.856341540634796
11.30626190711698,12.310946239704805,39.82227319094126,1.2633309644000634,0.07731959869801876,16.339078133788025
-2.6111668677779147,7.121732285886349,29.483776455033194,0.025729357412730986,0.005262524858397577,4.889165962166209
5.282063380932865,15.113655991637227,26.970356992096086,0.7464187659358255,0.025713346450970568,29.02845677279207
0.18351049695469612,9.737114747927604,15.561447403773727,0.25694753540948384,0.008824077839931556,29.11891078824355
0.4949113045258544,11.421935768715144,28.33294209944182,0.2879046990943563,0.009077029769183622,31.717941486959575
2.4915541036414233,7.966708554331108,43.54875776001536,0.4428300116439574,0.01825619650425005,24.256422280559175
7.315523482932125,12.395439290732345,23.449598274877314,0.9076683600194623,0.04201849671842266,21.601638109568604
12.680145197764222,11.776637299662646,45.26389183528511,1.370006072975915,0.09365501881016867,14.628218438061594
3.1164578544246924,8.736156707990482,17.508693063784794,0.502233290057077,0.020604933442550658,24.374419430054036
2.651937985201216,13.987820717893364,17.208830555301095,0.49594944882152164,0.014751619509724777,33.62000006132036
3.187881257738673,15.93274437396667,15.997117343074981,0.5536851338252744,0.01578414341309966,35.07856709954606
-2.6580724158971076,7.15522358458737,25.45095545999105,0.021624129319571937,0.0052755754685283466,4.09891384334686
7.582447443629324,9.208267895947502,39.553566725689755,0.8840124208692461,0.05113838239734095,17.286671565020256
-1.5570724525067092,14.170100106707567,38.42257200303059,0.09357104650813211,0.005564245853545879,16.816483126550366
0.5404794361689991,13.736364506185902,23.104886760216743,0.29643025973666304,0.008652650398780512,34.25889710954245
1.9220370025091098,15.891954264612446,21.26237589283032,0.43332161146690695,0.011622988647451099,37.28142774723725
0.3106735061549948,9.57085618782364,22.316954524454154,0.26753607951549807,0.00917230545861795,29.16781181378247
4.8463106363351365,10.473600852495288,47.575220520572834,0.6701072138409048,0.028378574518731714,23.61313861619759
12.833696824484946,6.084124756380443,22.350618129290915,1.1738902240352704,0.1265109747624418,9.27895960203898
13.29952415138126,12.806178718562737,23.294702036924424,1.4320572617873284,0.09559316570577801,14.980749420884274
8.012744609826239,12.427160688501548,35.81774674773062,0.9737876226365286,0.047402107671350883,20.543129208262425
7.153886350561127,15.611569262447865,25.855209233378087,0.9240698342593517,0.03609595286756809,25.60037236444922
9.709236076141993,14.518900916904407,29.929151679001215,1.1515234384719593,0.05677205584216719,20.283278831284992
2.3024135286602467,6.629899910528994,20.0118741057811,0.41224198162451325,0.018731977543130295,22.00739247499779
13.205236003309704,7.49781565220272,20.43023625171863,1.2750502862214192,0.12269758918838779,10.391812053158834
8.269034731924574,15.322914335032381,42.1773879436996,1.0297110428643077,0.04414885194686691,23.3236199234255
10.333303977905047,14.487183187400335,48.1262716807369,1.210852778304529,0.062098170035250116,19.4990090306556
2.0181086164634054,10.259765981949172,44.48142498364191,0.4204732172282967,0.014413614181755905,29.171948959235536
2.8932757777400786,6.837907847875304,29.11652280937361,0.46068437143041197,0.02161299779020042,21.31515377470179
0.6495099586512278,7.250349933116427,46.927805681215425,0.28704296035712695,0.011143132888620162,25.759628214634983
2.754120378791212,8.007313962082447,27.618526234274924,0.46475573255443836,0.019530975095756117,23.79582843538749
-1.615620912604915,7.089250318634409,48.33837700048003,0.10557499090462215,0.005937515963641772,17.781003293482986
2.931208195966936,11.643891388078039,21.9733704978626,0.5099548647082982,0.017251499523092236,29.560031232397566
7.800155855476708,7.802320512747029,45.67766691618452,0.8689299535220536,0.05713389109256867,15.208660514898384
5.95715755879967,13.22872648761205,40.676137294088086,0.7961485482301439,0.031624736844499395,25.17486713470063
-1.3605555869092671,10.527055934172955,37.74635025682814,0.11782429785783158,0.005880495467036084,20.036457560134462
3.9133622319462678,10.07932835711239,19.405142127313773,0.5836302688950563,0.023398838996886537,24.942702027767893
12.165847276974159,9.980326820574462,46.98423254447286,1.2868759715460942,0.09603291220859789,13.400363916391566
6.130235390833704,13.540902087062157,47.80019265345777,0.8155055540322154,0.032327034420962415,25.226735722575345
8.22474419097475,15.936040210636577,29.646979966465157,1.0284217983056732,0.042868857445181145,23.98995120457257
7.8437945327400005,8.633845015546079,38.52448745749209,0.8929552578069587,0.05504795114861103,16.22140768502498
9.571210439250793,14.889386696072386,17.70675842240516,1.1397748103651544,0.05494118048757855,20.7453644106326
9.883955964868242,10.12612147682582,28.71836362239126,1.0969889876979637,0.07033541653240348,15.596537872105749
1.440941861938187,9.964063053563986,21.179852610155038,0.368376980012051,0.012459187166570265,29.566694447006764
4.559211280675569,6.0326988617394175,25.597359761615458,0.5694395339844295,0.03362643994117604,16.93427954254363
1.5964890007489476,8.476396958810547,16.54716562157997,0.37335333578069535,0.013919902124608693,26.821548918842762
11.4009708097322,15.336999351429409,31.847386436063346,1.3123606986823446,0.06921844006845282,18.959697695939116
5.352438419495202,13.36187604461815,42.452472200191536,0.7423105359930374,0.027891286413815403,26.61442448295782
1.5096233638134748,13.083090243280598,27.484292977808316,0.3864248345374761,0.011350498044811665,34.04474702448071
3.259759543715999,15.866114006603416,34.13414013210811,0.5613446822553407,0.016128348683240357,34.80484538622714
7.184921669951951,8.262436334149383,17.578648076695355,0.8255714391394555,0.049741465424734295,16.597248032200802
-0.15282281800766206,9.882126652896288,40.24412426318291,0.22637141724803603,0.007915369485154145,28.598970354146097
11.163608768509947,7.898316010120933,43.3973004456294,1.140595175876741,0.09403909951416788,12.128946169937533
6.422314688407834,10.311212631777988,40.33577139603503,0.8041706831580758,0.03927872962412305,20.473439208792385
10.758910367365138,10.780142874177143,35.1563506037032,1.186563867383041,0.07709958122852861,15.390017020533246
10.647566690125771,10.824877849781274,34.995410151122535,1.1780383320275893,0.07578734932583585,15.543997019381136
0.5867875495946233,13.186794449998025,26.12094424424669,0.2998635558872524,0.008869989885123431,33.80652737723833
-0.8190050245595764,8.619357587069974,28.823298643946686,0.16822723038151824,0.0069110469294073,24.341786722022103
-0.2207481926764725,8.04013238145632,35.23930649217797,0.21847278384646127,0.008289147932137152,26.356482672898014
-1.9844776858216338,6.4968642678970205,39.86287341747121,0.07979375730799952,0.0056436657872440945,14.138639727453507
13.856299565597567,12.577247280059693,44.73257301509038,1.4797241351413248,0.10268125910292468,14.410849146854469
2.3623070222275375,14.160718607939273,47.293386767495065,0.47014420390323125,0.013682458466936004,34.36109124974479
2.1284610283665373,14.836247241861933,43.325249469122284,0.45023359058265966,0.012636141880316499,35.630621660239115
-0.5481880532904899,8.775550169847905,44.18085733105541,0.19103507068074996,0.007337397197842406,26.035808820180083
13.91725683829776,14.616099350438352,44.89679975210603,1.516206250401223,0.0946663110246275,16.01632337830066
-1.3438681585991672,15.240567995665797,45.850174387825156,0.11312375626836496,0.005658686148299293,19.991169911829104
12.373723094191714,8.803200890304065,49.66568320374588,1.2692262922319801,0.10456113263681355,12.138605045916604
8.7921141538509,7.063337917427976,25.242820307173833,0.9202349884705837,0.06950546518562821,13.23975008314688
4.11538397809354,10.732561996847268,25.269090459400818,0.607910698266935,0.02380957480767883,25.53219463922882
-0.3148593624248832,15.219695334079173,35.696459611815435,0.21436971170657312,0.00683590001739882,31.359398347102296
-0.6361228821739893,10.551078658112447,48.227046745579095,0.1831676681411562,0.006835714838867967,26.79568596098573
13.557367641027017,9.48686310058023,24.66803731914694,1.3772604721301223,0.11512147835057353,11.96354053008268
-2.329772290033273,11.143847930886878,23.71039426200896,0.027483849145271976,0.005365499606870258,5.122328051255518
-0.45729390351134835,9.62521344182138,19.53845880773777,0.19984570744195354,0.007424563535517744,26.916829048054947
12.274789726219986,6.637298798269405,39.11755344169833,1.169042245352958,0.11552094358422625,10.11974287156519
13.087874713901272,6.1604744621709635,32.20576523150724,1.199676828195075,0.13018102522592265,9.215450762606116
