run_id,config,alpha_deg,CL,CD,LD
1,A,0,0.11,0.0082,13.414634146341463
2,A,0,0.12,0.0083,14.457831325301203
3,A,2,0.34,0.0091,37.362637362637365
4,A,2,0.35,0.009,38.88888888888889
5,A,4,0.57,0.0115,49.565217391304344
6,A,4,0.56,0.0116,48.27586206896552
7,A,6,0.79,0.0158,50.0
8,A,6,0.8,0.0157,50.95541401273886
9,A,8,1.0,0.0223,44.84304932735426
11,B,0,0.14,0.009,15.555555555555559
12,B,0,0.13,0.0091,14.285714285714285
13,B,2,0.4,0.0103,38.834951456310684
14,B,2,0.41,0.0104,39.42307692307692
15,B,4,0.66,0.0133,49.624060150375946
16,B,4,0.65,0.0132,49.24242424242424
17,B,6,0.91,0.0185,49.18918918918919
18,B,6,0.92,0.0186,49.462365591397855
19,B,8,1.15,0.0263,43.72623574144486
20,B,8,1.16,0.0265,43.77358490566038
21,C,0,0.09,0.0078,11.538461538461538
22,C,0,0.1,0.0079,12.658227848101266
23,C,2,0.28,0.0085,32.94117647058824
24,C,2,0.29,0.0086,33.72093023255814
25,C,4,0.47,0.0104,45.19230769230769
27,C,6,0.65,0.0138,47.10144927536232
28,C,6,0.66,0.0139,47.48201438848921
29,C,8,0.82,0.0195,42.05128205128205
30,C,8,0.83,0.0196,42.3469387755102
